"Category","CategoryDetail","ISO2","ISO3","iso3","Status","en","fr","es","ru","de","EN short","de1","es1","fr1","it","jp","ko","pl","pt","ru1","CN"
1,1,,,"dac","Group",,,,,,"DAC Total","DAC Total","DAC Total","Total CAD","DAC","DAC","DAC","DAC","DAC","DAC","DAC"
1,1,,,"oecd","Group",,,,,,"OECD","OECD","OCDE","OCDE","OCSE","OECD","OECD","OECD","OCDE","ОЭСР","OECD"
1,1,,,"lac7","Group",,,,,,"Latin America*",,,,,,,,,,
2,2,"AR","ARG","arg","UN Member State","Argentina","Argentine","Argentina","Аргентина","Argentinien","Argentina","Argentinien","Argentina","Argentine","Argentina","アルゼンチン","아르헨티나","Argentyna","Argentina","Аргентина","阿根廷"
2,2,"AU","AUS","aus","UN Member State","Australia","Australie","Australia","Австралия","Australien","Australia","Australien","Australia","Australie","Australia","オーストラリア","호주","Australia","Austrália","Австралия","澳大利亚"
2,2,"AT","AUT","aut","UN Member State","Austria","Autriche","Austria","Австрия","Österreich","Austria","Österreich","Austria","Autriche","Austria","オーストリア","오스트리아","Austria","Áustria","Австрия","奥地利"
2,2,"BE","BEL","bel","UN Member State","Belgium","Belgique","Bélgica","Бельгия","Belgien","Belgium","Belgien","Bélgica","Belgique","Belgio","ベルギー","벨기에","Belgia","Bélgica","Бельгия","比利时"
2,2,"BR","BRA","bra","UN Member State","Brazil","Brésil","Brasil","Бразилия","Brasilien","Brazil","Brasilien","Brasil","Brésil","Brasile","ブラジル","브라질","Brazylia","Brasil","Бразилия","巴西"
2,2,"CA","CAN","can","UN Member State","Canada","Canada","Canadá","Канада","Kanada","Canada","Kanada","Canadá","Canada","Canada","カナダ","캐나다","Kanada","Canadá","Канада","加拿大"
2,2,"CL","CHL","chl","UN Member State","Chile","Chili","Chile","Чили","Chile","Chile","Chile","Chile","Chili","Cile","チリ","칠레","Chile","Chile","Чили","智利"
2,2,"CN","CHN","chn","UN Member State","China","Chine","China","Китай","China","China","China ","China","Chine","Cina","中国","중국","Chiny","China","Китай","中国"
2,2,"CZ","CZE","cze","UN Member State","Czech Republic","République tchèque","República Checa","Чешская республика","Tschechien","Czech Republic","Tschechien","República Checa","Tchéquie","Rep. Ceca","チェコ","체코","Czechy","República Checa","Чехия","捷克"
2,2,"DK","DNK","dnk","UN Member State","Denmark","Danemark","Dinamarca","Дания","Dänemark","Denmark","Dänemark","Dinamarca","Danemark","Danimarca","デンマーク","덴마크","Dania","Dinamarca","Дания","丹麦"
2,2,"EE","EST","est","UN Member State","Estonia","Estonie","Estonia","Эстония","Estland","Estonia","Estland","Estonia","Estonie","Estonia","エストニア","에스토니아","Estonia","Estónia","Эстония","爱沙尼亚"
2,2,"FI","FIN","fin","UN Member State","Finland","Finlande","Finlandia","Финляндия","Finnland","Finland","Finnland","Finlandia","Finlande","Finlandia","フィンランド","핀란드","Finlandia","Finlândia","Финляндия","芬兰"
2,2,"FR","FRA","fra","UN Member State","France","France","Francia","Франция","Frankreich","France","Frankreich","Francia","France","Francia","フランス","프랑스","Francja","França","Франция","法国"
2,2,"DE","DEU","deu","UN Member State","Germany","Allemagne","Alemania","Германия","Deutschland","Germany","Deutschland","Alemania","Allemagne","Germania","ドイツ","독일","Niemcy","Alemanha","Германия","德国"
2,2,"GR","GRC","grc","UN Member State","Greece","Grèce","Grecia","Греция","Griechenland","Greece","Griechenland","Grecia","Grèce","Grecia","ギリシャ","그리스","Grecja","Grécia","Греция","希腊"
2,2,"HU","HUN","hun","UN Member State","Hungary","Hongrie","Hungría","Венгрия","Ungarn","Hungary","Ungarn","Hungría","Hongrie","Ungheria","ハンガリー","헝가리","Węgry","Hungria","Венгрия","匈牙利"
2,2,"IS","ISL","isl","UN Member State","Iceland","Islande","Islandia","Исландия","Island","Iceland","Island","Islandia","Islande","Islanda","アイスランド","아이슬란드","Islandia","Islândia","Исландия","冰岛"
2,2,"IN","IND","ind","UN Member State","India","Inde","India","Индия","Indien","India","Indien","India","Inde","India","インド","인도","Indie","Índia","Индия","印度"
2,2,"ID","IDN","idn","UN Member State","Indonesia","Indonésie","Indonesia","Индонезия","Indonesien","Indonesia","Indonesien","Indonesia","Indonésie","Indonesia","インドネシア","인도네시아","Indonezja","Indonésia","Индонезия","印尼"
2,2,"IE","IRL","irl","UN Member State","Ireland","Irlande","Irlanda","Ирландия","Irland","Ireland","Irland","Irlanda","Irlande","Irlanda","アイルランド","아일랜드","Irlandia","Irlanda","Ирландия","爱尔兰"
2,2,"IL","ISR","isr","UN Member State","Israel","Israël","Israel","Израиль","Israel","Israel","Israel","Israel","Israël","Israele","イスラエル","이스라엘","Izrael","Israel","Израиль","以色列"
2,2,"IT","ITA","ita","UN Member State","Italy","Italie","Italia","Италия","Italien","Italy","Italien","Italia","Italie","Italia","イタリア","이탈리아","Włochy","Itália","Италия","意大利"
2,2,"JP","JPN","jpn","UN Member State","Japan","Japon","Japón","Япония","Japan","Japan","Japan","Japón","Japon","Giappone","日本","일본","Japonia","Japão","Япония","日本"
2,2,"KR","KOR","kor","UN Member State","Korea, Republic of","Corée, République de","Corea, República de","Республика Корея","Korea, Republik","Korea","Korea","Corea","Corée","Corea","韓国","한국","Korea","Coreia","Южная Корея","韩国"
2,2,"LU","LUX","lux","UN Member State","Luxembourg","Luxembourg","Luxemburgo","Люксембург","Luxemburg","Luxembourg","Luxemburg","Luxemburgo","Luxembourg","Lussemburgo","ルクセンブルグ","룩셈부르크","Luksemburg","Luxemburgo","Люксембург","卢森堡"
2,2,"MX","MEX","mex","UN Member State","Mexico","Mexique","México","Мексика","Mexiko","Mexico","Mexiko","México","Mexique","Messico","メキシコ","멕시코","Meksyk","México","Мексика","墨西哥"
2,2,"NL","NLD","nld","UN Member State","Netherlands","Pays-Bas","Países Bajos","Нидерланды","Niederlande","Netherlands","Niederlande","Países Bajos","Pays-Bas","Paesi Bassi","オランダ","네덜란드","Holandia","Holanda","Нидерланды","荷兰"
2,2,"NZ","NZL","nzl","UN Member State","New Zealand","Nouvelle-Zélande","Nueva Zelandia","Новая Зеландия","Neuseeland","New Zealand","Neuseeland","Nueva Zelanda","Nouvelle-Zélande","Nuova Zelanda","ニュージーランド","뉴질랜드","Nowa Zelandia","Nova Zelândia","Новая Зеландия","新西兰"
2,2,"NO","NOR","nor","UN Member State","Norway","Norvège","Noruega","Норвегия","Norwegen","Norway","Norwegen","Noruega","Norvège","Norvegia","ノルウェー","노르웨이","Norwegia","Noruega","Норвегия","挪威"
2,2,"PL","POL","pol","UN Member State","Poland","Pologne","Polonia","Польша","Polen","Poland","Polen","Polonia","Pologne","Polonia","ポーランド","폴란드","Polska","Polónia","Польша","波兰"
2,2,"PT","PRT","prt","UN Member State","Portugal","Portugal","Portugal","Португалия","Portugal","Portugal","Portugal","Portugal","Portugal","Portogallo","ポルトガル","포르투갈","Portugalia","Portugal","Португалия","葡萄牙"
2,2,"RU","RUS","rus","UN Member State","Russian Federation","Fédération de Russie","Federación de Rusia","Русский Федерация","Russische Föderation","Russia","Russland","Rusia","Russie","Russia","ロシア","러시아","Rosja","Rússia","Россия","俄罗斯"
2,2,"SA","SAU","sau","UN Member State","Saudi Arabia","Arabie saoudite","Arabia Saudita","Саудовская Аравия","Saudi-Arabien","Saudi Arabia","Saudi-Arabien","Arabia Saudita","Arabie saoudite","Arabia saudita","サウジアラビア","사우디아라비아","Arabia Saudyjska","Arábia Saudita","Саудовская Аравия","沙特阿拉伯"
2,2,"SK","SVK","svk","UN Member State","Slovakia","Slovaquie","Eslovaquia","Словакия","Slowakei","Slovak Republic","Slowakei","Eslovacia","Slovaquie","Slovacchia","スロバキア","슬로바키아","Słowacja","Eslováquia","Словакия","斯洛伐克"
2,2,"SI","SVN","svn","UN Member State","Slovenia","Slovénie","Eslovenia","Словения","Slowenien","Slovenia","Slowenien","Eslovenia","Slovénie","Slovenia","スロベニア","슬로베니아","Słowenia","Eslovénia","Словения","斯洛文尼亚"
2,2,"ZA","ZAF","zaf","UN Member State","South Africa","Afrique du Sud","Sudáfrica","ЮАР","Südafrika","South Africa","Südafrika","Sudáfrica","Afrique du Sud","Sud Africa","南アフリカ共和国","남아프리카공화국","RPA","África do sul","ЮАР","南非"
2,2,"ES","ESP","esp","UN Member State","Spain","Espagne","España","Испания","Spanien","Spain","Spanien","España","Espagne","Spagna","スペイン","스페인","Hiszpania","Espanha","Испания","西班牙"
2,2,"SE","SWE","swe","UN Member State","Sweden","Suède","Suecia","Швеция","Schweden","Sweden","Schweden","Suecia","Suède","Svezia","スウェーデン","스웨덴","Szwecja","Suécia","Швеция","瑞典"
2,2,"CH","CHE","che","UN Member State","Switzerland","Suisse","Suiza","Швейцария","Schweiz","Switzerland","Schweiz","Suiza","Suisse","Svizzera","スイス","스위스","Szwajcaria","Suíça","Швейцария","瑞士"
2,2,"TR","TUR","tur","UN Member State","Turkey","Turquie","Turquía","Турция","Türkei","Turkey","Türkei","Turquía","Turquie","Turchia","トルコ","터키","Turcja","Turquia","Турция","土耳其"
2,2,"GB","GBR","gbr","UN Member State","United Kingdom","Royaume-Uni","Reino Unido","Великобритания","Vereinigtes Königreich","United Kingdom","Großbritannien","Reino Unido","Royaume-Uni","Regno Unito","イギリス","영국","Wielka Brytania","Grã-Bretanha","Великобритания","英国"
2,2,"US","USA","usa","UN Member State","United States","États-Unis","Estados Unidos","США","Vereinigte Staaten","United States","USA","Estados Unidos","États-Unis","Stati Uniti","アメリカ","미국","Stany Zjednoczone","Estados Unidos da América","США","美国"
2,2.5,"AF","AFG","afg","UN Member State","Afghanistan","Afghanistan","Afganistán","Афганистан","Afghanistan","Afghanistan","Afghanistan","Afganistán","Afghanistan",,,,,,"Афганистан",
2,2.5,"AL","ALB","alb","UN Member State","Albania","Albanie","Albania","Албания","Albanien","Albania","Albanien","Albania","Albanie",,,,,,"Албания",
2,2.5,"DZ","DZA","dza","UN Member State","Algeria","Algérie","Argelia","Алжир","Algerien","Algeria","Algerien","Argelia","Algérie",,,,,,"Алжир",
2,2.5,"AS","ASM","asm","US Territory","American Samoa","Samoa américain","Samoa Americana","Американское Самоа","amerikanisch Samoa","American Samoa",,"Samoa Americana","Samoa américain",,,,,,"Американское Самоа",
2,2.5,"AD","AND","and","UN Member State","Andorra","Andorre","Andorra","андорра","Andorra","Andorra",,"Andorra","Andorre",,,,,,"андорра",
2,2.5,"AO","AGO","ago","UN Member State","Angola","Angola","Angola","Ангола","Angola","Angola","Angola","Angola","Angola",,,,,,"Ангола",
2,2.5,"AI","AIA","aia","UK Territory","Anguilla","Anguilla","Anguilla","Ангилья","Anguilla","Anguilla","Anguilla","Anguilla","Anguilla",,,,,,"Ангилья",
2,2.5,"AG","ATG","atg","UN Member State","Antigua and Barbuda","Antigua-et-Barbuda","Antigua y Barbuda","Антигуа и Барбуда","Antigua und Barbuda","Antigua & Barbuda","Antigua & Barbuda","Antigua y Barbuda","Antigua-et-Barbuda",,,,,,"Антигуа и Барбуда",
2,2.5,"AM","ARM","arm","UN Member State","Armenia","Arménie","Armenia","Армения","Armenien","Armenia","Armenien","Armenia","Arménie",,,,,,"Армения",
2,2.5,"AW","ABW","abw","NL Territory","Aruba","Aruba","Aruba","Аруба","Aruba","Aruba",,"Aruba","Aruba",,,,,,"Аруба",
2,2.5,"AZ","AZE","aze","UN Member State","Azerbaijan","Azerbaïdjan","Azerbaiyán","Азербайджан","Aserbaidschan","Azerbaijan","Aserbaidschan","Azerbaiyán","Azerbaïdjan",,,,,,"Азербайджан",
2,2.5,"BS","BHS","bhs","UN Member State","Bahamas","Bahamas","Bahamas","Багамские острова","Bahamas","Bahamas","Bahamas","Bahamas","Bahamas",,,,,,"Багамские острова",
2,2.5,"BH","BHR","bhr","UN Member State","Bahrain","Bahreïn","Bahrein","Бахрейн","Bahrein","Bahrain","Bahrain","Bahrein","Bahreïn",,,,,,"Бахрейн",
2,2.5,"BD","BGD","bgd","UN Member State","Bangladesh","Bangladesh","Bangladesh","Бангладеш","Bangladesch","Bangladesh","Bangladesch","Bangladesh","Bangladesh",,,,,,"Бангладеш",
2,2.5,"BB","BRB","brb","UN Member State","Barbados","Barbade","Barbados","Барбадос","Barbados","Barbados","Barbados","Barbados","Barbade",,,,,,"Барбадос",
2,2.5,"BY","BLR","blr","UN Member State","Belarus","Bélarus","Belarús","Беларусь","Weißrussland","Belarus","Belarus","Belarús","Bélarus",,,,,,"Беларусь",
2,2.5,"BZ","BLZ","blz","UN Member State","Belize","Belize","Belice","Белиз","Belize","Belize","Belize","Belice","Belize",,,,,,"Белиз",
2,2.5,"BJ","BEN","ben","UN Member State","Benin","Bénin","Benin","Бенин","Benin","Benin","Benin","Benin","Bénin",,,,,,"Бенин",
2,2.5,"BM","BMU","bmu","UK Territory","Bermuda","Bermudes","Bermuda","Бермудские острова","Bermuda","Bermuda",,"Bermuda","Bermudes",,,,,,"Бермудские острова",
2,2.5,"BT","BTN","btn","UN Member State","Bhutan","Bhoutan","Bhután","Бутан","Bhutan","Bhutan","Bhutan","Bhután","Bhoutan",,,,,,"Бутан",
2,2.5,"BO","BOL","bol","UN Member State","Bolivia","Bolivie","Bolivia","Боливия","Bolivien","Bolivia","Bolivien","Bolivia","Bolivie",,,,,,"Боливия",
2,2.5,"BA","BIH","bih","UN Member State","Bosnia and Herzegovina","Bosnie-Herzégovine","Bosnia y Herzegovina","Босния и Герцеговина","Bosnien und Herzegowina","Bosnia & Herzegovina","Bosnien & Herzegowina","Bosnia y Herzegovina","Bosnie-Herzégovine",,,,,,"Босния и Герцеговина",
2,2.5,"BW","BWA","bwa","UN Member State","Botswana","Botswana","Botswana","Ботсвана","Botswana","Botswana","Botswana","Botswana","Botswana",,,,,,"Ботсвана",
2,2.5,"BV","BVT","bvt","NO Territory","Bouvet Island","Bouvet Island","Bouvet Island","Остров Буве","Bouvet-Insel","Bouvet Island",,"Bouvet Island","Bouvet Island",,,,,,"Остров Буве",
2,2.5,"IO","IOT","iot","UK Territory","British Indian Ocean Territory","Territoire britannique de l' océan Indien","Territorio Británico del Océano Índico","Британская территория Индийского океана","British Indian Ocean Territory","British Indian Ocean Territory",,"Territorio Británico del Océano Índico","Territoire britannique de l' océan Indien",,,,,,"Британская территория Индийского океана",
2,2.5,"BN","BRN","brn","UN Member State","Brunei Darussalam","Brunei Darussalam","Brunei Darussalam","Бруней-Даруссалам","Brunei Darussalam","Brunei Darussalam","Brunei Darussalam","Brunei Darussalam","Brunei Darussalam",,,,,,"Бруней-Даруссалам",
2,2.5,"BG","BGR","bgr","UN Member State","Bulgaria","Bulgarie","Bulgaria","Болгария","Bulgarien","Bulgaria","Bulgarien","Bulgaria","Bulgarie",,,,,,"Болгария",
2,2.5,"BF","BFA","bfa","UN Member State","Burkina Faso","Burkina Faso","Burkina Faso","Буркина-Фасо","Burkina Faso","Burkina Faso","Burkina Faso","Burkina Faso","Burkina Faso",,,,,,"Буркина-Фасо",
2,2.5,"BI","BDI","bdi","UN Member State","Burundi","Burundi","Burundi","Бурунди","Burundi","Burundi","Burundi","Burundi","Burundi",,,,,,"Бурунди",
2,2.5,"CV","CPV","cpv","UN Member State","Cabo Verde","Cabo Verde","Cabo Verde","Кабо -Верде","Cabo Verde","Cabo Verde","Kap Verde","Cabo Verde","Cabo Verde",,,,,,"Кабо -Верде",
2,2.5,"KH","KHM","khm","UN Member State","Cambodia","Cambodge","Camboya","Камбоджа","Kambodscha","Cambodia","Kambodscha","Camboya","Cambodge",,,,,,"Камбоджа",
2,2.5,"CM","CMR","cmr","UN Member State","Cameroon","Cameroun","Camerún","Камерун","Kamerun","Cameroon","Kamerun","Camerún","Cameroun",,,,,,"Камерун",
2,2.5,"KY","CYM","cym","UK Territory","Cayman Islands","Îles Caïmans","Islas Caimán","Каймановы острова","Cayman Islands","Cayman Islands",,"Islas Caimán","Îles Caïmans",,,,,,"Каймановы острова",
2,2.5,"CF","CAF","caf","UN Member State","Central African Republic","République centrafricaine","República Centroafricana","Центрально-Африканская Республика","Zentralafrikanische Republik","Central African Rep.","Zentralafrikanische Rep.","República Centroafricana","Rép. centrafricaine",,,,,,"Центрально-Африканская Республика",
2,2.5,"TD","TCD","tcd","UN Member State","Chad","Tchad","Chad","Чад","Tschad","Chad","Tschad","Chad","Tchad",,,,,,"Чад",
2,2.5,"TW","TWN","twn","CN Special Administrative Region","Chinese Taipei","Taipei chinois","Taipei chino","китайский Тайбэй","Chinese Taipei","Chinese Taipei",,"Taipei chino","Taipei chinois",,,,,,"китайский Тайбэй",
2,2.5,"CX","CXR","cxr","AU Territory","Christmas Island","Christmas Island","Isla de Navidad","Остров Рождества","Weihnachtsinsel","Christmas Island",,"Isla de Navidad","Christmas Island",,,,,,"Остров Рождества",
2,2.5,"CO","COL","col","UN Member State","Colombia","Colombie","Colombia","Колумбия","Kolumbien","Colombia","Kolumbien","Colombia","Colombie",,,,,,"Колумбия",
2,2.5,"KM","COM","com","UN Member State","Comoros","Comores","Comoras","Коморские острова","Komoren","Comoros","Komoren","Comoras","Comores",,,,,,"Коморские острова",
2,2.5,"CG","COG","cog","UN Member State","Congo","Congo","Congo","Конго","Kongo","Congo, Republic","Republik Kongo","Congo","Congo",,,,,,"Конго",
2,2.5,"CD","COD","cod","UN Member State","Congo, Democratic Republic","Congo, République démocratique","Congo , República Democrática","Конго, Демократическая Республика","Kongo, Demokratische Republik","Congo, Dem. Rep.","Kongo, Dem. Rep.","Congo , República Democrática","Congo (Rép. dém.)",,,,,,"Конго, Демократическая Республика",
2,2.5,"CK","COK","cok","NZ Territory","Cook Islands","Îles Cook","Islas Cook","острова Кука","Cook Islands","Cook Islands",,"Islas Cook","Îles Cook",,,,,,"острова Кука",
2,2.5,"CR","CRI","cri","UN Member State","Costa Rica","Costa Rica","Costa Rica","Коста-Рика","Costa Rica","Costa Rica","Costa Rica","Costa Rica","Costa Rica",,,,,,"Коста-Рика",
2,2.5,"CI","CIV","civ","UN Member State","Côte D'Ivoire","Côte d'Ivoire","Côte d'Ivoire","Côte d'Ivoire","Côte d'Ivoire","Côte d'Ivoire","Côte d’Ivoire","Côte d'Ivoire","Côte d'Ivoire",,,,,,"Côte d'Ivoire",
2,2.5,"HR","HRV","hrv","UN Member State","Croatia","Croatie","Croacia","Хорватия","Kroatien","Croatia","Kroatien","Croacia","Croatie",,,,,,"Хорватия",
2,2.5,"CU","CUB","cub","UN Member State","Cuba","Cuba","Cuba","Куба","Kuba","Cuba","Kuba","Cuba","Cuba",,,,,,"Куба",
2,2.5,"CY","CYP","cyp","UN Member State","Cyprus","Chypre","Chipre","Кипр","Zypern","Cyprus","Zypern","Chipre","Chypre",,,,,,"Кипр",
2,2.5,"DJ","DJI","dji","UN Member State","Djibouti","Djibouti","Djibouti","Джибути","Dschibuti","Djibouti","Dschibuti","Djibouti","Djibouti",,,,,,"Джибути",
2,2.5,"DM","DMA","dma","UN Member State","Dominica","Dominique","Dominica","Доминика","Dominica","Dominica","Dominica","Dominica","Dominique",,,,,,"Доминика",
2,2.5,"DO","DOM","dom","UN Member State","Dominican Republic","République dominicaine","República Dominicana","Доминиканская Республика","Dominikanische Republik","Dominican Rep.","Dominikanische Rep.","República Dominicana","Rép. dominicaine",,,,,,"Доминиканская Республика",
2,2.5,"EC","ECU","ecu","UN Member State","Ecuador","Équateur","Ecuador","Эквадор","Ecuador","Ecuador","Ecuador","Ecuador","Équateur",,,,,,"Эквадор",
2,2.5,"EG","EGY","egy","UN Member State","Egypt","Égypte","Egipto","Египет","Ägypten","Egypt","Ägypten","Egipto","Égypte",,,,,,"Египет",
2,2.5,"SV","SLV","slv","UN Member State","El Salvador","El Salvador","El Salvador","Сальвадор","El Salvador","El Salvador","El Salvador","El Salvador","El Salvador",,,,,,"Сальвадор",
2,2.5,"GQ","GNQ","gnq","UN Member State","Equatorial Guinea","Guinée équatoriale","Guinea Ecuatorial","Экваториальная Гвинея","Äquatorialguinea","Equatorial Guinea","Äquatorialguinea","Guinea Ecuatorial","Guinée équatoriale",,,,,,"Экваториальная Гвинея",
2,2.5,"ER","ERI","eri","UN Member State","Eritrea","Érythrée","Eritrea","Эритрея","Eritrea","Eritrea","Eritrea","Eritrea","Érythrée",,,,,,"Эритрея",
2,2.5,"ET","ETH","eth","UN Member State","Ethiopia","Éthiopie","Etiopía","Эфиопия","Äthiopien","Ethiopia","Äthiopien","Etiopía","Éthiopie",,,,,,"Эфиопия",
2,2.5,"FK","FLK","flk","UK Territory","Falkland Islands Malvinas","Îles Malouines","Islas Malvinas Malvinas","Фолклендские острова Мальвинские","Falkland-Inseln Malvinas","Falkland Islands/Malvinas",,"Islas Malvinas Malvinas","Îles Malouines",,,,,,"Фолклендские острова Мальвинские",
2,2.5,"FJ","FJI","fji","UN Member State","Fiji","Fidji","Fiji","Фиджи","Fidschi","Fiji","Fidschi","Fiji","Fidji",,,,,,"Фиджи",
2,2.5,"PF","PYF","pyf","FR Territory","French Polynesia","Polynésie française","Polinesia francés","Французская Полинезия","Französisch-Polynesien","French Polynesia",,"Polinesia francés","Polynésie française",,,,,,"Французская Полинезия",
2,2.5,"TF","ATF","atf","FR Territory","French Southern Territories","Terres australes françaises","Territorios Australes Franceses","Французские южные территории","Französisch Südliche Territorien","French Southern Territories",,"Territorios Australes Franceses","Terres australes françaises",,,,,,"Французские южные территории",
2,2.5,"GA","GAB","gab","UN Member State","Gabon","Gabon","Gabón","Габон","Gabun","Gabon","Gabun","Gabón","Gabon",,,,,,"Габон",
2,2.5,"GM","GMB","gmb","UN Member State","Gambia","Gambie","Gambia","Гамбия","Gambia","Gambia","Gambia","Gambia","Gambie",,,,,,"Гамбия",
2,2.5,"GE","GEO","geo","UN Member State","Georgia","Géorgie","Georgia","Грузия","Georgia","Georgia","Georgien","Georgia","Géorgie",,,,,,"Грузия",
2,2.5,"GH","GHA","gha","UN Member State","Ghana","Ghana","Ghana","Гана","Ghana","Ghana","Ghana","Ghana","Ghana",,,,,,"Гана",
2,2.5,"GD","GRD","grd","UN Member State","Grenada","Grenade","Granada","Гренада","Grenada","Grenada","Grenada","Granada","Grenade",,,,,,"Гренада",
2,2.5,"GU","GUM","gum","US Territory","Guam","Guam","Guam","Гуам","Guam","Guam",,"Guam","Guam",,,,,,"Гуам",
2,2.5,"GT","GTM","gtm","UN Member State","Guatemala","Guatemala","Guatemala","Гватемала","Guatemala","Guatemala","Guatemala","Guatemala","Guatemala",,,,,,"Гватемала",
2,2.5,"GG","GGY","ggy","UK Territory","Guernsey","Guernesey","Guernsey","шерстяная фуфайка","Guernsey","Guernsey",,"Guernsey","Guernesey",,,,,,"шерстяная фуфайка",
2,2.5,"GN","GIN","gin","UN Member State","Guinea","Guinée","Guinea","Гвинея","Guinea","Guinea","Guinea","Guinea","Guinée",,,,,,"Гвинея",
2,2.5,"GW","GNB","gnb","UN Member State","Guinea-Bissau","Guinée Bissau","Guinea-Bissau","Гвинея-Бисау","Guinea-Bissau","Guinea-Bissau","Guinea-Bissau","Guinea-Bissau","Guinée Bissau",,,,,,"Гвинея-Бисау",
2,2.5,"GY","GUY","guy","UN Member State","Guyana","Guyana","Guayana","Гайана","Guyana","Guyana","Guyana","Guayana","Guyana",,,,,,"Гайана",
2,2.5,"HT","HTI","hti","UN Member State","Haiti","Haïti","Haití","Гаити","Haiti","Haiti","Haiti","Haití","Haïti",,,,,,"Гаити",
2,2.5,"HM","HMD","hmd","AU Territory","Heard Island and Mcdonald Islands","Îles Heard et McDonald","Islas Heard y Mcdonald","Херд и Макдональд острова","Heard und McDonald Inseln","Heard & Mcdonald Islands",,"Islas Heard y Mcdonald","Îles Heard et McDonald",,,,,,"Херд и Макдональд острова",
2,2.5,"HN","HND","hnd","UN Member State","Honduras","Honduras","Honduras","Гондурас","Honduras","Honduras","Honduras","Honduras","Honduras",,,,,,"Гондурас",
2,2.5,"HK","HKG","hkg","CN Special Administrative Region","Hong Kong, China","Hong-Kong, Chine","Hong Kong","Гонконг","Hongkong, China","Hong Kong, China",,"Hong Kong","Hong-Kong, Chine",,,,,,"Гонконг",
2,2.5,"IR","IRN","irn","UN Member State","Iran, Islamic Republic of","Iran, République islamique d'","Irán, República Islámica del","Иран, Исламская Республика","Iran, Islamische Republik","Iran","Iran","Irán","Iran",,,,,,"Иран, Исламская Республика",
2,2.5,"IQ","IRQ","irq","UN Member State","Iraq","Iraq","Irak","Ирак","Irak","Iraq","Irak","Irak","Iraq",,,,,,"Ирак",
2,2.5,"IM","IMN","imn","UK Territory","Isle of Man","Ile de Man","Isla de Man","Остров Мэн","Isle of Man","Isle of Man",,"Isla de Man","Ile de Man",,,,,,"Остров Мэн",
2,2.5,"JM","JAM","jam","UN Member State","Jamaica","Jamaïque","Jamaica","Ямайка","Jamaika","Jamaica","Jamaika","Jamaica","Jamaïque",,,,,,"Ямайка",
2,2.5,"JE","JEY","jey","UK Territory","Jersey","Jersey","jersey","Джерси","Jersey","Jersey",,"jersey","Jersey",,,,,,"Джерси",
2,2.5,"JO","JOR","jor","UN Member State","Jordan","Jordanie","Jordania","Иордания","Jordan","Jordan","Jordanien","Jordania","Jordanie",,,,,,"Иордания",
2,2.5,"KZ","KAZ","kaz","UN Member State","Kazakhstan","Kazakhstan","Kazajstán","Казахстан","Kasachstan","Kazakhstan","Kasachstan","Kazajstán","Kazakhstan",,,,,,"Казахстан",
2,2.5,"KE","KEN","ken","UN Member State","Kenya","Kenya","Kenia","Кения","Kenia","Kenya","Kenia","Kenia","Kenya",,,,,,"Кения",
2,2.5,"KI","KIR","kir","UN Member State","Kiribati","Kiribati","Kiribati","Кирибати","Kiribati","Kiribati","Kiribati","Kiribati","Kiribati",,,,,,"Кирибати",
2,2.5,"KP","PRK","prk","UN Member State","Korea, Democratic People's Republic of","Corée, République populaire démocratique","Corea, República Popular Democrática","Корейская Народно-Демократическая ? ? Народной Республики","Korea, Demokratische Volksrepublik","Korea, Dem. Rep.","Korea, Dem. Volksrep.","Corea, República Popular Democrática","Corée (Rép. pop. dém.)",,,,,,"Корейская Народно-Демократическая ? ? Народной Республики",
2,2.5,"KO","KOS","kos","Non-Self-Governing Territory","Kosovo","Kosovo","Kosovo","Косово","Kosovo","Kosovo",,"Kosovo","Kosovo",,,,,,"Косово",
2,2.5,"KW","KWT","kwt","UN Member State","Kuwait","Koweit","Kuwait","Кувейт","Kuwait","Kuwait","Kuwait","Kuwait","Koweït",,,,,,"Кувейт",
2,2.5,"KG","KGZ","kgz","UN Member State","Kyrgyzstan","Kirghizistan","Kirguistán","Киргизия","Kirgisistan","Kyrgyzstan","Kirgisistan","Kirguistán","Kirghizistan",,,,,,"Киргизия",
2,2.5,"LA","LAO","lao","UN Member State","Lao People's Democratic Republic","République démocratique populaire lao","República Democrática Popular Lao","Лаосская Народно ? ? Демократическая Республика","Laos, Demokratische Volksrepublik","Laos","Laos","República Democrática Popular Lao","Laos",,,,,,"Лаосская Народно ? ? Демократическая Республика",
2,2.5,"LV","LVA","lva","UN Member State","Latvia","Lettonie","Letonia","Латвия","Lettland","Latvia","Lettland","Letonia","Lettonie",,,,,,"Латвия",
2,2.5,"LB","LBN","lbn","UN Member State","Lebanon","Liban","Líbano","Ливан","Libanon","Lebanon","Libanon","Líbano","Liban",,,,,,"Ливан",
2,2.5,"LS","LSO","lso","UN Member State","Lesotho","Lesotho","Lesoto","Лесото","Lesotho","Lesotho","Lesotho","Lesoto","Lesotho",,,,,,"Лесото",
2,2.5,"LR","LBR","lbr","UN Member State","Liberia","Libéria","Liberia","Либерия","Liberia","Liberia","Liberia","Liberia","Libéria",,,,,,"Либерия",
2,2.5,"LY","LBY","lby","UN Member State","Libya","Libye","Libia","Ливия","Libyen","Libya","Libyen","Libia","Libye",,,,,,"Ливия",
2,2.5,"LI","LIE","lie","UN Member State","Liechtenstein","Liechtenstein","Liechtenstein","Лихтенштейн","Liechtenstein","Liechtenstein","Liechtenstein","Liechtenstein","Liechtenstein",,,,,,"Лихтенштейн",
2,2.5,"LT","LTU","ltu","UN Member State","Lithuania","Lituanie","Lituania","Литва","Litauen","Lithuania","Litauen","Lituania","Lituanie",,,,,,"Литва",
2,2.5,"MO","MAC","mac","CN Special Administrative Region","Macao, China","Macao, Chine","Macao","Макао","Macao, China","Macao, China",,"Macao","Macao, Chine",,,,,,"Макао",
2,2.5,"MG","MDG","mdg","UN Member State","Madagascar","Madagascar","Madagascar","Мадагаскар","Madagaskar","Madagascar","Madagaskar","Madagascar","Madagascar",,,,,,"Мадагаскар",
2,2.5,"MW","MWI","mwi","UN Member State","Malawi","Malawi","Malawi","Малави","Malawi","Malawi","Malawi","Malawi","Malawi",,,,,,"Малави",
2,2.5,"MY","MYS","mys","UN Member State","Malaysia","Malaisie","Malasia","Малайзия","Malaysia","Malaysia","Malaysia","Malasia","Malaisie",,,,,,"Малайзия",
2,2.5,"MV","MDV","mdv","UN Member State","Maldives","Maldives","Maldivas","Мальдивы","Malediven","Maldives","Malediven","Maldivas","Maldives",,,,,,"Мальдивы",
2,2.5,"ML","MLI","mli","UN Member State","Mali","Mali","Malí","Мали","Mali","Mali","Mali","Malí","Mali",,,,,,"Мали",
2,2.5,"MT","MLT","mlt","UN Member State","Malta","Malte","Malta","Мальта","Malta","Malta","Malta","Malta","Malte",,,,,,"Мальта",
2,2.5,"MH","MHL","mhl","UN Member State","Marshall Islands","Îles Marshall","Islas Marshall","Маршалловы острова","Marshall-Inseln","Marshall Islands","Marshallinseln","Islas Marshall","Îles Marshall",,,,,,"Маршалловы острова",
2,2.5,"MR","MRT","mrt","UN Member State","Mauritania","Mauritanie","Mauritania","Мавритания","Mauretanien","Mauritania","Mauretanien","Mauritania","Mauritanie",,,,,,"Мавритания",
2,2.5,"MU","MUS","mus","UN Member State","Mauritius","Maurice","Mauricio","Маврикий","Mauritius","Mauritius","Mauritius","Mauricio","Maurice",,,,,,"Маврикий",
2,2.5,"YT","MYT","myt","FR Territory","Mayotte","Mayotte","Mayotte","Майотта","Mayotte","Mayotte",,"Mayotte","Mayotte",,,,,,"Майотта",
2,2.5,"FM","FSM","fsm","UN Member State","Micronesia, Federated States of","Micronésie, États fédérés de","Micronesia, Estados Federados de","Микронезия, Федеративные Штаты","Mikronesien, Föderierte Staaten von","Micronesia","Mikronesien","Micronesia, Estados Federados de","Micronésie",,,,,,"Микронезия, Федеративные Штаты",
2,2.5,"MD","MDA","mda","UN Member State","Moldova, Republic of","Moldova, République de","Moldova, República de","Молдова","Moldawien","Moldova","Moldawien","Moldova, República de","Moldova",,,,,,"Молдова",
2,2.5,"MC","MCO","mco","UN Member State","Monaco","Monaco","Mónaco","Монако","Monaco","Monaco",,"Mónaco","Monaco",,,,,,"Монако",
2,2.5,"MN","MNG","mng","UN Member State","Mongolia","Mongolie","Mongolia","Монголия","Mongolei","Mongolia","Mongolei","Mongolia","Mongolie",,,,,,"Монголия",
2,2.5,"ME","MNE","mne","UN Member State","Montenegro","Monténégro","Montenegro","Черногория","Montenegro","Montenegro","Montenegro","Montenegro","Monténégro",,,,,,"Черногория",
2,2.5,"MS","MSR","msr","UK Territory","Montserrat","Montserrat","Montserrat","Монтсеррат","Montserrat","Montserrat",,"Montserrat","Montserrat",,,,,,"Монтсеррат",
2,2.5,"MA","MAR","mar","UN Member State","Morocco","Maroc","Marruecos","Марокко","Marokko","Morocco","Marokko","Marruecos","Maroc",,,,,,"Марокко",
2,2.5,"MZ","MOZ","moz","UN Member State","Mozambique","Mozambique","Mozambique","Мозамбик","Mosambik","Mozambique","Mosambik","Mozambique","Mozambique",,,,,,"Мозамбик",
2,2.5,"MM","MMR","mmr","UN Member State","Myanmar","Myanmar","Myanmar","Мьянма","Myanmar","Myanmar","Myanmar","Myanmar","Myanmar",,,,,,"Мьянма",
2,2.5,"NA","NAM","nam","UN Member State","Namibia","Namibie","Namibia","Намибия","Namibia","Namibia","Namibia","Namibia","Namibie",,,,,,"Намибия",
2,2.5,"NR","NRU","nru","UN Member State","Nauru","Nauru","Nauru","Науру","Nauru","Nauru",,"Nauru","Nauru",,,,,,"Науру",
2,2.5,"NP","NPL","npl","UN Member State","Nepal","Népal","Nepal","Непал","Nepal","Nepal","Nepal","Nepal","Népal",,,,,,"Непал",
2,2.5,"AN","ANT","ant","NL Territory","Netherlands Antilles","Antilles néerlandaises","Antillas Holandesas","Нидерландские Антильские острова","niederländische Antillen","Netherlands Antilles",,"Antillas Holandesas","Antilles néerlandaises",,,,,,"Нидерландские Антильские острова",
2,2.5,"NC","NCL","ncl","FR Territory","New Caledonia","Nouvelle-Calédonie","Nueva Caledonia","Новая Каледония","Neukaledonien","New Caledonia",,"Nueva Caledonia","Nouvelle-Calédonie",,,,,,"Новая Каледония",
2,2.5,"NI","NIC","nic","UN Member State","Nicaragua","Nicaragua","Nicaragua","Никарагуа","Nicaragua","Nicaragua","Nicaragua","Nicaragua","Nicaragua",,,,,,"Никарагуа",
2,2.5,"NE","NER","ner","UN Member State","Niger","Niger","Níger","Нигер","Niger","Niger","Niger","Níger","Niger",,,,,,"Нигер",
2,2.5,"NG","NGA","nga","UN Member State","Nigeria","Nigéria","Nigeria","Нигерия","Nigeria","Nigeria","Nigeria","Nigeria","Nigéria",,,,,,"Нигерия",
2,2.5,"NU","NIU","niu","NZ Territory","Niue","Niue","Niue","Ниуэ","Niue","Niue",,"Niue","Niue",,,,,,"Ниуэ",
2,2.5,"NF","NFK","nfk","AU Territory","Norfolk Island","Norfolk Island","Isla Norfolk","Остров Норфолк","Norfolk-Insel","Norfolk Island",,"Isla Norfolk","Norfolk Island",,,,,,"Остров Норфолк",
2,2.5,"MP","MNP","mnp","US Territory","Northern Mariana Islands","Îles Mariannes du Nord","Islas Marianas del Norte","Северные Марианские острова","Northern Mariana Islands","Northern Mariana Islands",,"Islas Marianas del Norte","Îles Mariannes du Nord",,,,,,"Северные Марианские острова",
2,2.5,"OM","OMN","omn","UN Member State","Oman","Oman","Omán","Оман","Oman","Oman","Oman","Omán","Oman",,,,,,"Оман",
2,2.5,"PK","PAK","pak","UN Member State","Pakistan","Pakistan","Pakistán","Пакистан","Pakistan","Pakistan","Pakistan","Pakistán","Pakistan",,,,,,"Пакистан",
2,2.5,"PW","PLW","plw","UN Member State","Palau","Palaos","Palau","Палау","Palau","Palau","Palau","Palau","Palaos",,,,,,"Палау",
2,2.5,"PS","PSE","pse","Non-Self-Governing Territory","Palestinian Authority","Autorité palestinienne","Autoridad Palestina","Палестинская автономия","palästinensische Autonomiebehörde","Palestinian Authority",,"Autoridad Palestina","Autorité palestinienne",,,,,,"Палестинская автономия",
2,2.5,"PA","PAN","pan","UN Member State","Panama","Panama","Panamá","Панама","Panama","Panama","Panama","Panamá","Panama",,,,,,"Панама",
2,2.5,"PG","PNG","png","UN Member State","Papua New Guinea","Papouasie-Nouvelle-Guinée","Papua Nueva Guinea","Папуа-Новая Гвинея","Papua-Neuguinea","Papua New Guinea","Papua-Neuguinea","Papua Nueva Guinea","Pap.-Nelle.-Guinée",,,,,,"Папуа-Новая Гвинея",
2,2.5,"PY","PRY","pry","UN Member State","Paraguay","Paraguay","Paraguay","Парагвай","Paraguay","Paraguay","Paraguay","Paraguay","Paraguay",,,,,,"Парагвай",
2,2.5,"PE","PER","per","UN Member State","Peru","Pérou","Perú","Перу","Peru","Peru","Peru","Perú","Pérou",,,,,,"Перу",
2,2.5,"PH","PHL","phl","UN Member State","Philippines","Philippines","Filipinas","Филиппины","Philippinen","Philippines","Philippinen","Filipinas","Philippines",,,,,,"Филиппины",
2,2.5,"PN","PCN","pcn","UK Territory","Pitcairn","Pitcairn","Pitcairn","Питкэрн","Pitcairn","Pitcairn",,"Pitcairn","Pitcairn",,,,,,"Питкэрн",
2,2.5,"PR","PRI","pri","US Territory","Puerto Rico","Puerto Rico","Puerto Rico","Пуэрто-Рико","Puerto Rico","Puerto Rico",,"Puerto Rico","Puerto Rico",,,,,,"Пуэрто-Рико",
2,2.5,"QA","QAT","qat","UN Member State","Qatar","Qatar","Katar","Катар","Katar","Qatar","Katar","Katar","Qatar",,,,,,"Катар",
2,2.5,"RO","ROU","rou","UN Member State","Romania","Roumanie","Rumania","Румыния","Rumänien","Romania","Rumänien","Rumania","Roumanie",,,,,,"Румыния",
2,2.5,"RW","RWA","rwa","UN Member State","Rwanda","Rwanda","Ruanda","Руанда","Ruanda","Rwanda","Ruanda","Ruanda","Rwanda",,,,,,"Руанда",
2,2.5,"SH","SHN","shn","UK Territory","Saint Helena","Sainte-Hélène","Santa Elena","Остров Святой Елены","St. Helena","Saint Helena",,"Santa Elena","Sainte-Hélène",,,,,,"Остров Святой Елены",
2,2.5,"KN","KNA","kna","UN Member State","Saint Kitts and Nevis","Saint-Kitts-et-Nevis","Saint Kitts y Nevis","Сент-Китс и Невис","St. Kitts und Nevis","St. Kitts & Nevis","St. Kitts und Nevis","Saint Kitts y Nevis","Saint-Kitts-et-Nevis",,,,,,"Сент-Китс и Невис",
2,2.5,"LC","LCA","lca","UN Member State","Saint Lucia","Sainte-Lucie","Santa Lucía","Сент-Люсия","St. Lucia","St. Lucia","St. Lucia","Santa Lucía","Sainte-Lucie",,,,,,"Сент-Люсия",
2,2.5,"VC","VCT","vct","UN Member State","Saint Vincent and the Grenadines","Saint-Vincent-et-les-Grenadines","San Vicente y las Granadinas","Сент-Винсент и Гренадины","St. Vincent und die Grenadinen","St.Vincent & Grenadines","St. Vincent & Grenadinen","San Vicente y las Granadinas","St-Vincent & Grenadines",,,,,,"Сент-Винсент и Гренадины",
2,2.5,"WS","WSM","wsm","UN Member State","Samoa","Samoa","Samoa","Самоа","Samoa","Samoa","Samoa","Samoa","Samoa",,,,,,"Самоа",
2,2.5,"SM","SMR","smr","UN Member State","San Marino","Saint-Marin","San Marino","Сан - Марино","San Marino","San Marino",,"San Marino","Saint-Marin",,,,,,"Сан - Марино",
2,2.5,"ST","STP","stp","UN Member State","Sao Tome and Principe","Sao Tomé et Principe","Santo Tomé y Príncipe","Сан-Томе и Принсипи","Sao Tome und Principe","Sao Tome & Principe","São Tomé & Príncipe","Santo Tomé y Príncipe","Sao Tomé & Principe",,,,,,"Сан-Томе и Принсипи",
2,2.5,"SN","SEN","sen","UN Member State","Senegal","Sénégal","Senegal","Сенегал","Senegal","Senegal","Senegal","Senegal","Sénégal",,,,,,"Сенегал",
2,2.5,"RS","SRB","srb","UN Member State","Serbia","Serbie","Serbia","Сербия","Serbien","Serbia","Serbien","Serbia","Serbie",,,,,,"Сербия",
2,2.5,"SC","SYC","syc","UN Member State","Seychelles","Seychelles","Seychelles","Сейшельские острова","Seychellen","Seychelles","Seychellen","Seychelles","Seychelles",,,,,,"Сейшельские острова",
2,2.5,"SL","SLE","sle","UN Member State","Sierra Leone","Sierra Leone","Sierra Leona","Сьерра-Леоне","Sierra Leone","Sierra Leone","Sierra Leone","Sierra Leona","Sierra Leone",,,,,,"Сьерра-Леоне",
2,2.5,"SG","SGP","sgp","UN Member State","Singapore","Singapour","Singapur","Сингапур","Singapur","Singapore","Singapur","Singapur","Singapour",,,,,,"Сингапур",
2,2.5,"SB","SLB","slb","UN Member State","Solomon Islands","Îles Salomon","Islas Salomón","Соломоновы Острова","Salomon-Inseln","Solomon Islands","Salomonen","Islas Salomón","Îles Salomon",,,,,,"Соломоновы Острова",
2,2.5,"SO","SOM","som","UN Member State","Somalia","Somalie","Somalia","Сомали","Somalia","Somalia","Somalia","Somalia","Somalie",,,,,,"Сомали",
2,2.5,"GS","SGS","sgs","UK Territory","South Georgia and the South Sandwich Islands","Géorgie du Sud et les îles Sandwich du Sud","Georgia del Sur e Islas Sandwich del Sur","Южная Джорджия и Южные Сандвичевы острова","Südgeorgien und die Südlichen Sandwichinseln","South Georgia & the South Sandwich Islands",,"Georgia del Sur e Islas Sandwich del Sur","Géorgie du Sud et les îles Sandwich du Sud",,,,,,"Южная Джорджия и Южные Сандвичевы острова",
2,2.5,"SD","SSD","ssd","UN Member State","South Sudan","Soudan du Sud","Sudán del Sur","Южный Судан","Süd-Sudan","South Sudan","Südsudan","Sudán del Sur","Soudan du Sud",,,,,,"Южный Судан",
2,2.5,"LK","LKA","lka","UN Member State","Sri Lanka","Sri Lanka","Sri Lanka","Шри Ланка","Sri Lanka","Sri Lanka","Sri Lanka","Sri Lanka","Sri Lanka",,,,,,"Шри Ланка",
2,2.5,"SD","SDN","sdn","UN Member State","Sudan","Soudan","Sudán","Судан","Sudan","Sudan","Sudan","Sudán","Soudan",,,,,,"Судан",
2,2.5,"SR","SUR","sur","UN Member State","Suriname","Suriname","Suriname","Суринам","Suriname","Suriname","Suriname","Suriname","Suriname",,,,,,"Суринам",
2,2.5,"SZ","SWZ","swz","UN Member State","Swaziland","Swaziland","Swazilandia","Свазиленд","Swasiland","Swaziland","Swasiland","Swazilandia","Swaziland",,,,,,"Свазиленд",
2,2.5,"SY","SYR","syr","UN Member State","Syrian Arab Republic","République arabe syrienne","República Árabe Siria","Сирийская Арабская Республика","Arabische Republik Syrien","Syria","Syrien","República Árabe Siria","Syrie",,,,,,"Сирийская Арабская Республика",
2,2.5,"TJ","TJK","tjk","UN Member State","Tajikistan","Tadjikistan","Tayikistán","Таджикистан","Tadschikistan","Tajikistan","Tadschikistan","Tayikistán","Tadjikistan",,,,,,"Таджикистан",
2,2.5,"TZ","TZA","tza","UN Member State","Tanzania, United Republic of","Tanzanie, République-Unie de","Tanzania, República Unida de","Танзания, Объединенная Республика","Tansania , Vereinigte Republik","Tanzania","Tansania","Tanzania, República Unida de","Tanzanie",,,,,,"Танзания, Объединенная Республика",
2,2.5,"TH","THA","tha","UN Member State","Thailand","Thaïlande","Tailandia","Таиланд","Thailand","Thailand","Thailand","Tailandia","Thaïlande",,,,,,"Таиланд",
2,2.5,"MK","MKD","mkd","UN Member State","The former Yugoslav Republic of Macedonia","Ex-République yougoslave de Macédoine","ex República Yugoslava de Macedonia","Бывшая югославская Республика Македония","ehemalige jugoslawische Republik Mazedonien","FYROM","Mazedonien, FYR","ex República Yugoslava de Macedonia","Macédoine, ARY",,,,,,"Бывшая югославская Республика Македония",
2,2.5,"TL","TLS","tls","UN Member State","Timor-Leste","Timor-Leste","Timor-Leste","Тимор-Лешти","Timor- Leste","Timor-Leste","Timor-Leste","Timor-Leste","Timor-Leste",,,,,,"Тимор-Лешти",
2,2.5,"TG","TGO","tgo","UN Member State","Togo","Togo","Togo","Того","Togo","Togo","Togo","Togo","Togo",,,,,,"Того",
2,2.5,"TK","TKL","tkl","NZ Territory","Tokelau","Tokelau","Tokelau","Токелау","Tokelau","Tokelau",,"Tokelau","Tokelau",,,,,,"Токелау",
2,2.5,"TO","TON","ton","UN Member State","Tonga","Tonga","Tonga","Тонга","Tonga","Tonga","Tonga","Tonga","Tonga",,,,,,"Тонга",
2,2.5,"TT","TTO","tto","UN Member State","Trinidad and Tobago","Trinité-et-Tobago","Trinidad y Tobago","Тринидад и Тобаго","Trinidad und Tobago","Trinidad & Tobago","Trinidad & Tobago","Trinidad y Tobago","Trinité-et-Tobago",,,,,,"Тринидад и Тобаго",
2,2.5,"TN","TUN","tun","UN Member State","Tunisia","Tunisie","Túnez","Тунис","Tunesien","Tunisia","Tunesien","Túnez","Tunisie",,,,,,"Тунис",
2,2.5,"TM","TKM","tkm","UN Member State","Turkmenistan","Turkménistan","Turkmenistán","Туркменистан","Turkmenistan","Turkmenistan","Turkmenistan","Turkmenistán","Turkménistan",,,,,,"Туркменистан",
2,2.5,"TC","TCA","tca","UK Territory","Turks and Caicos Islands","Îles Turques et Caïques","Islas Turcas y Caicos","Теркс и Кайкос","Turks-und Caicosinseln","Turks & Caicos Islands",,"Islas Turcas y Caicos","Îles Turques et Caïques",,,,,,"Теркс и Кайкос",
2,2.5,"TV","TUV","tuv","UN Member State","Tuvalu","Tuvalu","Tuvalu","Тувалу","Tuvalu","Tuvalu","Tuvalu","Tuvalu","Tuvalu",,,,,,"Тувалу",
2,2.5,"UG","UGA","uga","UN Member State","Uganda","Ouganda","Uganda","Уганда","Uganda","Uganda","Uganda","Uganda","Ouganda",,,,,,"Уганда",
2,2.5,"UA","UKR","ukr","UN Member State","Ukraine","Ukraine","Ucrania","Украина","Ukraine","Ukraine","Ukraine","Ucrania","Ukraine",,,,,,"Украина",
2,2.5,"AE","ARE","are","UN Member State","United Arab Emirates","Émirats arabes unis","Emiratos Árabes Unidos","Объединенные Арабские Эмираты","Vereinigte Arabische Emirate","United Arab Emirates","Ver. Arab. Emirate","Emiratos Árabes Unidos","Émirats arabes unis",,,,,,"Объединенные Арабские Эмираты",
2,2.5,"UM","UMI","umi","US Territory","United States Minor Outlying Islands","États-Unis Îles mineures éloignées","Estados Unidos Islas menores alejadas de los","Соединенные Штаты Америки Внешние малые острова","Kleinere amerikanische Überseeinseln","United States Minor Outlying Islands",,"Estados Unidos Islas menores alejadas de los","États-Unis Îles mineures éloignées",,,,,,"Соединенные Штаты Америки Внешние малые острова",
2,2.5,"UY","URY","ury","UN Member State","Uruguay","Uruguay","Uruguay","Уругвай","Uruguay","Uruguay","Uruguay","Uruguay","Uruguay",,,,,,"Уругвай",
2,2.5,"UZ","UZB","uzb","UN Member State","Uzbekistan","Ouzbékistan","Uzbekistán","Узбекистан","Usbekistan","Uzbekistan","Usbekistan","Uzbekistán","Ouzbékistan",,,,,,"Узбекистан",
2,2.5,"VU","VUT","vut","UN Member State","Vanuatu","Vanuatu","Vanuatu","Вануату","Vanuatu","Vanuatu","Vanuatu","Vanuatu","Vanuatu",,,,,,"Вануату",
2,2.5,"VE","VEN","ven","UN Member State","Venezuela","Venezuela","Venezuela","Венесуэла","Venezuela","Venezuela","Venezuela","Venezuela","Venezuela",,,,,,"Венесуэла",
2,2.5,"VN","VNM","vnm","UN Member State","Viet Nam","Viet Nam","Viet Nam","Вьетнам","Vietnam","Viet Nam","Vietnam","Viet Nam","Viet Nam",,,,,,"Вьетнам",
2,2.5,"VG","VGB","vgb","UK Territory","Virgin Islands British","Îles Vierges britanniques","Islas Vírgenes Británicas","Виргинские острова Британская","Britische Jungferninseln","Virgin Islands British",,"Islas Vírgenes Británicas","Îles Vierges britanniques",,,,,,"Виргинские острова Британская",
2,2.5,"VI","VIR","vir","US Territory","Virgin Islands U.S.","Îles Vierges des États-Unis","Islas Vírgenes de EE.UU.","Виргинские острова США","US-Jungferninseln","Virgin Islands U.S.",,"Islas Vírgenes de EE.UU.","Îles Vierges des États-Unis",,,,,,"Виргинские острова США",
2,2.5,"WF","WLF","wlf","FR Territory","Wallis and Futuna","Wallis et Futuna","Wallis y Futuna","Уоллис и Футуна","Wallis und Futuna","Wallis and Futuna",,"Wallis y Futuna","Wallis et Futuna",,,,,,"Уоллис и Футуна",
2,2.5,"EH","ESH","esh","Non-Self-Governing Territory","Western Sahara ","Sahara occidental","Western Sahara ","Western Sahara ","Western Sahara ","Western Sahara ",,"Western Sahara ","Sahara occidental",,,,,,"Western Sahara ",
2,2.5,"YE","YEM","yem","UN Member State","Yemen","Yémen","Yemen","Йемен","Jemen","Yemen","Jemen","Yemen","Yémen",,,,,,"Йемен",
2,2.5,"ZM","ZMB","zmb","UN Member State","Zambia","Zambie","Zambia","Замбия","Sambia","Zambia","Sambia","Zambia","Zambie",,,,,,"Замбия",
2,2.5,"ZW","ZWE","zwe","UN Member State","Zimbabwe","Zimbabwe","Zimbabue","Зимбабве","Simbabwe","Zimbabwe","Zimbabwe","Zimbabue","Zimbabwe",,,,,,"Зимбабве",
3,3,,,"eur",,,,,,,"Euro Area","Eurozone","Eurozona","Zone Euro","Zona Euro","ユーロ圏","유로권","Strefa euro","Zona Euro","Евро зона",
3,3,,,"g20",,,,,,,"G20","G20","G20","G20","G20","G20","G20","G20","G20","G20",
3,3,,,"g7",,,,,,,"G7","G7","G7","G7","G7","G7","G7","G7","G7","G7",
3,3,,,"eu27",,,,,,,"EU Institutions","EU Institutionen","Instituciones UE","Institutions UE","Unione Europea","EU","EU","Unia Europejska","União Europeia","Европейский Союз",
3,3,,,"eu",,,,,,,"European Union","Europäische Union","Unión Europea","Union européenne",,"EU",,,,,
3,3,,,"ea17",,,,,,,"Euro Area",,,,,,,,,,
3,3,,,"e27",,,,,,,"European Union","Europäische Union",,"Union européenne",,,,,,,
3,3,,,"global",,,,,,,"Global",,,,,,,,,,
3,3,,,"wld",,,,,,,"OECD","OECD",,"OCDE",,,,,,,
